Country,City,Date,Electricity_Consumption_kWh,Gasoline_Used_L,Materials_Sourced_Tons,Transportation_Mode,Transportation_Distance_km,Carbon_Offsets_Purchased_tCO2e
USA,New York,01-01-2020,4155,366,2.67,Rail,916,3.5
USA,New York,02-01-2020,8064,718,6.59,Air,592,5.83
USA,New York,03-01-2020,6278,624,7.75,Ship,81,8.83
USA,New York,04-01-2020,8027,788,8.88,Rail,266,7.03
USA,New York,05-01-2020,3562,1016,6.78,Rail,206,8.58
USA,New York,06-01-2020,5795,313,9.45,Rail,397,1.74
USA,New York,07-01-2020,6042,1116,6.8,Rail,209,4.73
USA,New York,08-01-2020,7446,978,1.42,Truck,125,0.55
USA,New York,09-01-2020,9496,830,2.12,Ship,495,1.13
USA,New York,10-01-2020,6985,878,7.21,Ship,72,7.95
USA,New York,11-01-2020,7395,222,9.87,Air,166,1.06
USA,New York,12-01-2020,6906,875,6.8,Ship,513,6.1
USA,New York,01-01-2021,5353,875,8.43,Air,274,0.27
USA,New York,02-01-2021,6457,801,2.98,Ship,172,2.32
USA,New York,03-01-2021,7099,887,7.83,Air,123,2.91
USA,New York,04-01-2021,6531,300,3.49,Rail,294,8.12
USA,New York,05-01-2021,5769,243,2.82,Rail,242,9.24
USA,New York,06-01-2021,8098,328,2.58,Ship,371,9.28
USA,New York,07-01-2021,6371,596,8.48,Rail,937,1.55
USA,New York,08-01-2021,9023,224,1.38,Rail,976,5.96
USA,New York,09-01-2021,8773,967,4.49,Air,277,6.47
USA,New York,10-01-2021,8401,443,7.32,Air,497,5.28
USA,New York,11-01-2021,5251,1145,1.66,Ship,568,8.54
USA,New York,12-01-2021,5105,846,4.66,Air,287,8.48
USA,New York,01-01-2022,7542,576,8.03,Ship,152,5.27
USA,New York,02-01-2022,7840,261,9.31,Ship,874,3.03
USA,New York,03-01-2022,3432,572,4.74,Air,429,9.02
USA,New York,04-01-2022,9937,371,4.08,Rail,305,0.31
USA,New York,05-01-2022,6780,1062,5.56,Rail,722,3.55
USA,New York,06-01-2022,4036,326,6.75,Rail,293,8.36
USA,New York,07-01-2022,3758,865,4.5,Rail,347,2.77
USA,New York,08-01-2022,4918,432,8.03,Truck,460,9.39
USA,New York,09-01-2022,3457,404,1.49,Air,453,1.09
USA,New York,10-01-2022,3996,425,8.19,Truck,191,5.46
USA,New York,11-01-2022,9545,413,1.8,Ship,110,0.05
USA,New York,12-01-2022,3129,517,2.96,Air,396,5.44
USA,New York,01-01-2023,4123,667,8.71,Rail,540,5.39
USA,New York,02-01-2023,4289,598,1.9,Truck,135,3.66
USA,New York,03-01-2023,8751,1073,4.8,Ship,173,9.14
USA,New York,04-01-2023,6092,324,3.68,Air,430,6.07
USA,New York,05-01-2023,8678,523,9.24,Ship,335,6.89
USA,New York,06-01-2023,7389,378,2,Air,916,3.44
USA,New York,07-01-2023,9612,1166,6.85,Air,883,7.68
USA,New York,08-01-2023,5474,1078,5.29,Air,954,8.78
USA,New York,09-01-2023,5339,742,5.67,Ship,555,3.24
USA,New York,10-01-2023,5967,1168,7.69,Rail,825,3.27
USA,New York,11-01-2023,6482,776,5.8,Rail,553,1.77
USA,New York,12-01-2023,4434,872,4.57,Rail,937,9.88
USA,New York,01-01-2024,7255,379,7.59,Rail,287,8.61
USA,New York,02-01-2024,9704,1173,6.04,Rail,321,2.61
USA,New York,03-01-2024,3746,1047,5.77,Truck,129,3.32
USA,New York,04-01-2024,9532,306,3.78,Air,954,9.28
USA,New York,05-01-2024,6546,1057,1.73,Ship,104,3.11
USA,New York,06-01-2024,5347,1042,4.58,Truck,696,2.13
USA,New York,07-01-2024,6683,294,3.03,Air,698,7.64
USA,New York,08-01-2024,7217,520,8.94,Air,491,6.84
USA,New York,09-01-2024,5054,761,5.86,Air,667,7.98
USA,New York,10-01-2024,9893,612,4.72,Air,773,8.64
USA,New York,11-01-2024,8180,870,4.72,Ship,876,8.32
USA,New York,12-01-2024,9828,280,9.35,Air,90,7.68
USA,New York,01-01-2025,3453,379,7.26,Ship,786,1.09
USA,New York,02-01-2025,4483,1043,8.27,Rail,824,9.59
USA,New York,03-01-2025,5919,688,6.73,Truck,715,3.75
USA,New York,04-01-2025,5275,214,3.88,Truck,470,0.65
USA,New York,05-01-2025,6385,544,2.87,Rail,383,2.44
USA,New York,06-01-2025,3216,333,9.97,Truck,758,4.89
USA,New York,07-01-2025,4679,964,1.61,Rail,385,6.19
USA,New York,08-01-2025,8927,642,7.82,Ship,173,1.44
USA,New York,09-01-2025,5725,1022,7.92,Air,446,3.37
USA,New York,10-01-2025,6835,331,2.75,Rail,900,8.74
USA,New York,11-01-2025,5617,652,1.25,Air,705,5.95
USA,New York,12-01-2025,5818,953,9.69,Truck,939,6.92
USA,Los Angeles,01-01-2020,6212,254,1.17,Ship,695,8.94
USA,Los Angeles,02-01-2020,3988,871,8.42,Air,812,6.31
USA,Los Angeles,03-01-2020,6342,344,6.8,Ship,774,2
USA,Los Angeles,04-01-2020,7573,986,1.64,Air,226,1.48
USA,Los Angeles,05-01-2020,7117,955,1.23,Ship,510,4.84
USA,Los Angeles,06-01-2020,5415,478,6.57,Ship,73,6.55
USA,Los Angeles,07-01-2020,8602,213,4.27,Ship,488,5.72
USA,Los Angeles,08-01-2020,8485,989,8.56,Rail,50,6.27
USA,Los Angeles,09-01-2020,9663,612,6.27,Air,518,8.68
USA,Los Angeles,10-01-2020,7381,311,7.75,Air,442,7.18
USA,Los Angeles,11-01-2020,6387,274,8.94,Truck,819,4.4
USA,Los Angeles,12-01-2020,9890,201,5.76,Rail,454,2.45
USA,Los Angeles,01-01-2021,8409,207,4.52,Truck,76,6.13
USA,Los Angeles,02-01-2021,5854,905,7.42,Air,509,6.82
USA,Los Angeles,03-01-2021,6455,816,7.5,Ship,396,4.88
USA,Los Angeles,04-01-2021,3655,1025,2.98,Rail,63,2.46
USA,Los Angeles,05-01-2021,3707,216,8.09,Truck,149,7.35
USA,Los Angeles,06-01-2021,6861,911,7.98,Air,817,3.44
USA,Los Angeles,07-01-2021,3890,330,5.71,Ship,893,3.83
USA,Los Angeles,08-01-2021,3686,551,9.29,Ship,604,5.01
USA,Los Angeles,09-01-2021,5574,560,2.42,Ship,543,6.07
USA,Los Angeles,10-01-2021,5024,1075,2.4,Rail,291,4.33
USA,Los Angeles,11-01-2021,6895,336,7.34,Ship,969,1.2
USA,Los Angeles,12-01-2021,3226,531,5.23,Ship,202,1.2
USA,Los Angeles,01-01-2022,8705,640,5.54,Air,968,2.23
USA,Los Angeles,02-01-2022,5574,719,3.68,Air,958,7.72
USA,Los Angeles,03-01-2022,8569,731,9.7,Ship,209,7.78
USA,Los Angeles,04-01-2022,3764,336,5.56,Air,529,9.84
USA,Los Angeles,05-01-2022,5114,525,4.89,Rail,137,5.11
USA,Los Angeles,06-01-2022,9995,852,5.71,Truck,214,0.58
USA,Los Angeles,07-01-2022,6610,996,8.07,Ship,217,3.19
USA,Los Angeles,08-01-2022,8685,871,4.96,Truck,157,3.73
USA,Los Angeles,09-01-2022,7014,783,3.55,Air,848,4.61
USA,Los Angeles,10-01-2022,4265,1061,5.26,Ship,418,0.68
USA,Los Angeles,11-01-2022,8824,1108,3.64,Ship,349,5.07
USA,Los Angeles,12-01-2022,4903,1143,2.74,Ship,583,7.51
USA,Los Angeles,01-01-2023,4057,294,3.37,Ship,806,2.51
USA,Los Angeles,02-01-2023,4746,1188,2.81,Ship,61,4.93
USA,Los Angeles,03-01-2023,4784,417,7.05,Ship,505,1.81
USA,Los Angeles,04-01-2023,8202,1073,6.57,Rail,460,6.68
USA,Los Angeles,05-01-2023,8363,819,9.2,Ship,82,6.29
USA,Los Angeles,06-01-2023,3403,990,1.85,Truck,721,8.28
USA,Los Angeles,07-01-2023,5650,430,6.6,Ship,653,4.86
USA,Los Angeles,08-01-2023,4332,746,1.03,Rail,327,5.3
USA,Los Angeles,09-01-2023,6213,381,3.21,Rail,920,8.96
USA,Los Angeles,10-01-2023,9521,374,6.4,Truck,633,4.33
USA,Los Angeles,11-01-2023,6702,1007,6.14,Ship,763,7.31
USA,Los Angeles,12-01-2023,7343,811,4.82,Ship,432,5.84
USA,Los Angeles,01-01-2024,5661,407,3.78,Ship,859,4.36
USA,Los Angeles,02-01-2024,3759,821,2.74,Ship,930,3.59
USA,Los Angeles,03-01-2024,5841,1090,4.67,Air,127,0.87
USA,Los Angeles,04-01-2024,4208,1110,1.26,Truck,639,4.34
USA,Los Angeles,05-01-2024,7218,924,2.88,Ship,649,0.04
USA,Los Angeles,06-01-2024,4261,1167,6.6,Rail,258,0.53
USA,Los Angeles,07-01-2024,5828,237,7.98,Truck,201,0.24
USA,Los Angeles,08-01-2024,8275,661,2.38,Rail,955,6.44
USA,Los Angeles,09-01-2024,5216,501,8.56,Air,524,5.92
USA,Los Angeles,10-01-2024,3211,900,2.06,Rail,83,6.39
USA,Los Angeles,11-01-2024,8669,757,7.14,Ship,637,3.98
USA,Los Angeles,12-01-2024,4744,328,4.44,Ship,530,4
USA,Los Angeles,01-01-2025,9027,1121,3.43,Rail,420,4.82
USA,Los Angeles,02-01-2025,4131,1030,4.29,Truck,218,4.22
USA,Los Angeles,03-01-2025,9752,1151,3.28,Truck,699,9.55
USA,Los Angeles,04-01-2025,6112,533,7.68,Air,462,1.72
USA,Los Angeles,05-01-2025,5294,713,5.84,Ship,803,9.44
USA,Los Angeles,06-01-2025,8999,922,2.58,Air,184,1.42
USA,Los Angeles,07-01-2025,3115,1165,5.25,Ship,131,3.64
USA,Los Angeles,08-01-2025,7378,1005,2.05,Rail,727,9.96
USA,Los Angeles,09-01-2025,9424,859,4.71,Rail,778,9.98
USA,Los Angeles,10-01-2025,4682,954,8.86,Truck,767,1.63
USA,Los Angeles,11-01-2025,4122,987,6.22,Air,56,3.99
USA,Los Angeles,12-01-2025,4631,625,3.22,Rail,670,1.69
Germany,Berlin,01-01-2020,8624,384,9.52,Rail,916,1.41
Germany,Berlin,02-01-2020,6604,1087,9.35,Air,526,2.24
Germany,Berlin,03-01-2020,9264,733,2.42,Rail,708,7.68
Germany,Berlin,04-01-2020,8929,566,5.78,Air,398,9.36
Germany,Berlin,05-01-2020,8190,645,3.09,Ship,961,2.68
Germany,Berlin,06-01-2020,3608,402,3.79,Air,619,4.96
Germany,Berlin,07-01-2020,7831,805,5.16,Rail,876,1.02
Germany,Berlin,08-01-2020,7781,1070,2.97,Air,820,3.29
Germany,Berlin,09-01-2020,6186,1058,5.57,Truck,573,0.31
Germany,Berlin,10-01-2020,4036,405,7.01,Ship,402,6.11
Germany,Berlin,11-01-2020,4494,721,2.67,Rail,530,6.56
Germany,Berlin,12-01-2020,8434,483,3.68,Rail,968,9.32
Germany,Berlin,01-01-2021,8224,487,6.49,Ship,901,9.58
Germany,Berlin,02-01-2021,3558,504,4.04,Air,855,8.09
Germany,Berlin,03-01-2021,3087,344,7.71,Air,789,3.03
Germany,Berlin,04-01-2021,8298,1177,9.85,Truck,676,1.98
Germany,Berlin,05-01-2021,3406,661,7.23,Air,368,5.3
Germany,Berlin,06-01-2021,8506,789,5.46,Truck,749,0.33
Germany,Berlin,07-01-2021,9890,604,8.68,Rail,275,6.2
Germany,Berlin,08-01-2021,7569,1044,5.46,Rail,860,3.16
Germany,Berlin,09-01-2021,9680,302,1.41,Truck,256,5.96
Germany,Berlin,10-01-2021,7340,1052,8.35,Rail,287,4
Germany,Berlin,11-01-2021,4992,1186,4.28,Truck,748,9.66
Germany,Berlin,12-01-2021,3296,1142,9.57,Rail,740,9.29
Germany,Berlin,01-01-2022,8688,845,4.26,Truck,912,3.44
Germany,Berlin,02-01-2022,6868,1141,5.95,Rail,69,9.87
Germany,Berlin,03-01-2022,4099,648,1.61,Ship,944,2.8
Germany,Berlin,04-01-2022,6727,506,9.7,Rail,183,1.46
Germany,Berlin,05-01-2022,6273,692,7.16,Ship,136,5.6
Germany,Berlin,06-01-2022,8532,881,5.42,Air,522,4.16
Germany,Berlin,07-01-2022,6254,436,1.44,Rail,411,9.49
Germany,Berlin,08-01-2022,8322,291,9.89,Rail,596,1.37
Germany,Berlin,09-01-2022,8421,463,4.71,Ship,992,3.48
Germany,Berlin,10-01-2022,9984,352,9.2,Air,208,4.84
Germany,Berlin,11-01-2022,9361,670,3.12,Rail,719,4.5
Germany,Berlin,12-01-2022,7525,313,6.81,Truck,242,7.14
Germany,Berlin,01-01-2023,4578,362,6.47,Air,514,0.36
Germany,Berlin,02-01-2023,3932,564,2.53,Ship,645,9.05
Germany,Berlin,03-01-2023,6928,1026,5.18,Truck,280,3.63
Germany,Berlin,04-01-2023,8233,389,6.45,Ship,603,5
Germany,Berlin,05-01-2023,8592,490,3.75,Air,72,1.01
Germany,Berlin,06-01-2023,9540,754,4.6,Air,308,4.47
Germany,Berlin,07-01-2023,9450,703,6.87,Truck,933,9.11
Germany,Berlin,08-01-2023,5869,505,6.47,Ship,912,3.22
Germany,Berlin,09-01-2023,4380,756,7.37,Truck,236,1.17
Germany,Berlin,10-01-2023,7092,229,9.52,Truck,731,0.91
Germany,Berlin,11-01-2023,9365,324,5.41,Rail,70,3.52
Germany,Berlin,12-01-2023,5828,383,3.92,Rail,987,3.91
Germany,Berlin,01-01-2024,6507,637,9.84,Ship,982,9.79
Germany,Berlin,02-01-2024,6035,1107,9.4,Truck,115,9.66
Germany,Berlin,03-01-2024,5525,305,4.16,Rail,243,8.57
Germany,Berlin,04-01-2024,4063,572,1.04,Ship,802,4.77
Germany,Berlin,05-01-2024,5711,241,1.04,Truck,990,4.21
Germany,Berlin,06-01-2024,3061,1196,2.93,Rail,491,4.01
Germany,Berlin,07-01-2024,7753,416,8.72,Truck,334,0.48
Germany,Berlin,08-01-2024,7745,333,7.63,Rail,878,7.69
Germany,Berlin,09-01-2024,5173,1163,3.14,Rail,641,1.6
Germany,Berlin,10-01-2024,3195,955,3.46,Truck,986,3.64
Germany,Berlin,11-01-2024,9418,1170,7.93,Truck,186,4.42
Germany,Berlin,12-01-2024,3709,568,5.54,Truck,379,8.7
Germany,Berlin,01-01-2025,7005,611,3.48,Ship,794,5.81
Germany,Berlin,02-01-2025,3444,321,9.45,Air,864,7.11
Germany,Berlin,03-01-2025,9132,963,1.59,Truck,357,9.69
Germany,Berlin,04-01-2025,6890,288,8.85,Ship,748,9.76
Germany,Berlin,05-01-2025,7464,430,2.59,Rail,516,0.77
Germany,Berlin,06-01-2025,5074,1020,7.16,Ship,226,9.5
Germany,Berlin,07-01-2025,5990,651,6.61,Ship,118,9.62
Germany,Berlin,08-01-2025,4227,985,8.85,Ship,376,8.21
Germany,Berlin,09-01-2025,4581,440,2.4,Truck,123,5.33
Germany,Berlin,10-01-2025,9761,867,8.83,Ship,323,9.01
Germany,Berlin,11-01-2025,4365,478,3.37,Air,293,6.14
Germany,Berlin,12-01-2025,9902,1006,2.07,Truck,62,6.51
Germany,Munich,01-01-2020,3598,734,8.12,Rail,997,5.34
Germany,Munich,02-01-2020,4416,959,4.92,Ship,337,1.76
Germany,Munich,03-01-2020,3154,252,9.45,Rail,361,4.76
Germany,Munich,04-01-2020,7720,266,7.88,Rail,235,5.41
Germany,Munich,05-01-2020,6615,339,4.42,Ship,283,4.45
Germany,Munich,06-01-2020,3946,456,7.91,Truck,684,6.1
Germany,Munich,07-01-2020,8559,483,7.83,Truck,116,4.64
Germany,Munich,08-01-2020,8396,970,8.9,Rail,888,4.61
Germany,Munich,09-01-2020,5707,597,7.86,Rail,287,7.58
Germany,Munich,10-01-2020,6436,509,7.71,Rail,475,0.32
Germany,Munich,11-01-2020,7326,1013,1.31,Rail,711,2.54
Germany,Munich,12-01-2020,9181,702,9.35,Truck,914,1.25
Germany,Munich,01-01-2021,9358,490,6.22,Air,447,9.4
Germany,Munich,02-01-2021,4277,720,5.36,Rail,629,8.65
Germany,Munich,03-01-2021,5396,595,5.73,Truck,736,8.17
Germany,Munich,04-01-2021,9623,837,6.97,Truck,731,5.47
Germany,Munich,05-01-2021,4550,323,8.67,Truck,470,9.44
Germany,Munich,06-01-2021,6882,561,2.49,Air,728,4.79
Germany,Munich,07-01-2021,6991,1082,7.6,Rail,956,1.51
Germany,Munich,08-01-2021,7142,471,5.25,Ship,341,2.39
Germany,Munich,09-01-2021,9524,990,3.6,Ship,877,5.9
Germany,Munich,10-01-2021,8061,697,7.74,Ship,515,2.17
Germany,Munich,11-01-2021,5662,928,4.62,Ship,260,4.14
Germany,Munich,12-01-2021,5502,779,8.19,Air,826,8.07
Germany,Munich,01-01-2022,5009,518,6.29,Ship,485,4.09
Germany,Munich,02-01-2022,3270,756,5.83,Ship,558,5.42
Germany,Munich,03-01-2022,4071,865,3.64,Air,205,0.75
Germany,Munich,04-01-2022,9082,860,9.37,Truck,859,8.88
Germany,Munich,05-01-2022,7188,1138,1.39,Air,550,0.76
Germany,Munich,06-01-2022,9588,916,2.96,Rail,740,4.38
Germany,Munich,07-01-2022,9856,537,4.02,Rail,269,7.45
Germany,Munich,08-01-2022,9015,620,9.82,Rail,428,8.91
Germany,Munich,09-01-2022,7411,234,8.11,Rail,229,9.66
Germany,Munich,10-01-2022,6532,532,1.21,Rail,132,6.24
Germany,Munich,11-01-2022,6860,1082,8.12,Rail,347,6.33
Germany,Munich,12-01-2022,5891,656,8.17,Rail,238,9.99
Germany,Munich,01-01-2023,7275,885,8.84,Truck,256,5.21
Germany,Munich,02-01-2023,9451,263,3.93,Ship,718,3.59
Germany,Munich,03-01-2023,4707,999,8.4,Truck,812,1.02
Germany,Munich,04-01-2023,7080,340,8.35,Truck,756,6.07
Germany,Munich,05-01-2023,8693,877,6.25,Rail,838,0.41
Germany,Munich,06-01-2023,4387,548,9.18,Air,238,7.17
Germany,Munich,07-01-2023,6430,541,8.65,Air,684,3.14
Germany,Munich,08-01-2023,7519,289,3.48,Rail,139,5.76
Germany,Munich,09-01-2023,4129,628,3.9,Air,622,7.43
Germany,Munich,10-01-2023,6166,844,5.09,Ship,89,5.05
Germany,Munich,11-01-2023,9614,731,5.19,Rail,161,0.37
Germany,Munich,12-01-2023,4745,716,8.71,Rail,621,9.69
Germany,Munich,01-01-2024,5115,393,1.67,Ship,983,1.45
Germany,Munich,02-01-2024,7662,1020,7.8,Rail,400,9.21
Germany,Munich,03-01-2024,9501,864,9.66,Truck,203,6.93
Germany,Munich,04-01-2024,9593,864,1.05,Air,847,6.11
Germany,Munich,05-01-2024,4733,801,7.13,Ship,200,7.25
Germany,Munich,06-01-2024,9044,720,8.85,Ship,606,4.64
Germany,Munich,07-01-2024,9200,757,7.11,Air,647,2.86
Germany,Munich,08-01-2024,8439,314,7.74,Rail,661,3.16
Germany,Munich,09-01-2024,6740,381,8.19,Air,297,6.11
Germany,Munich,10-01-2024,5435,827,7.8,Truck,380,0.27
Germany,Munich,11-01-2024,4217,671,1.87,Ship,313,6.23
Germany,Munich,12-01-2024,3728,1106,5.65,Truck,272,9.4
Germany,Munich,01-01-2025,8287,404,8.83,Ship,565,7.61
Germany,Munich,02-01-2025,8723,587,2.89,Air,147,4.1
Germany,Munich,03-01-2025,9694,840,4.38,Air,596,4.33
Germany,Munich,04-01-2025,5320,1086,3.3,Ship,911,2.31
Germany,Munich,05-01-2025,8979,887,6.54,Air,98,9.02
Germany,Munich,06-01-2025,9577,352,6.87,Truck,811,2.61
Germany,Munich,07-01-2025,6634,1087,4.12,Rail,910,6.99
Germany,Munich,08-01-2025,8841,1138,7.37,Ship,783,2.24
Germany,Munich,09-01-2025,3918,906,2.95,Air,461,1.55
Germany,Munich,10-01-2025,9351,786,3.2,Ship,753,2.36
Germany,Munich,11-01-2025,3646,672,1.87,Air,800,3.54
Germany,Munich,12-01-2025,9969,1063,8.44,Air,152,2.5
Cameroon,Yaounde,01-01-2020,8531,333,2.12,Truck,932,1.96
Cameroon,Yaounde,02-01-2020,6747,371,4.56,Air,632,9.88
Cameroon,Yaounde,03-01-2020,5641,525,2.78,Ship,452,4.58
Cameroon,Yaounde,04-01-2020,3046,622,3.83,Truck,50,5.84
Cameroon,Yaounde,05-01-2020,7817,338,8.54,Air,625,9.05
Cameroon,Yaounde,06-01-2020,8068,669,1.77,Rail,65,8.53
Cameroon,Yaounde,07-01-2020,6565,797,6.43,Air,342,2.83
Cameroon,Yaounde,08-01-2020,7007,1022,2.48,Ship,857,3.06
Cameroon,Yaounde,09-01-2020,4107,581,6.36,Rail,487,0.73
Cameroon,Yaounde,10-01-2020,4090,301,1.02,Air,230,4.79
Cameroon,Yaounde,11-01-2020,3165,848,3.14,Rail,495,9.65
Cameroon,Yaounde,12-01-2020,5916,269,7,Air,249,4.02
Cameroon,Yaounde,01-01-2021,9936,1135,5.18,Ship,397,1.84
Cameroon,Yaounde,02-01-2021,4640,1197,9,Truck,487,0.41
Cameroon,Yaounde,03-01-2021,5561,813,3.95,Truck,522,7.13
Cameroon,Yaounde,04-01-2021,9677,298,2.72,Ship,985,5.49
Cameroon,Yaounde,05-01-2021,6830,626,1.07,Air,275,5.89
Cameroon,Yaounde,06-01-2021,8710,257,4.37,Air,924,5.46
Cameroon,Yaounde,07-01-2021,5557,817,7.04,Truck,677,8.54
Cameroon,Yaounde,08-01-2021,5881,1103,3.64,Air,197,0.81
Cameroon,Yaounde,09-01-2021,7283,1129,5.08,Rail,785,1.6
Cameroon,Yaounde,10-01-2021,6442,665,1.05,Ship,467,7.93
Cameroon,Yaounde,11-01-2021,8537,361,3.23,Ship,464,5.37
Cameroon,Yaounde,12-01-2021,5566,389,2.87,Rail,885,4.47
Cameroon,Yaounde,01-01-2022,9765,931,2.84,Ship,170,5.79
Cameroon,Yaounde,02-01-2022,8954,833,2.92,Ship,699,9.98
Cameroon,Yaounde,03-01-2022,7065,1037,5.25,Truck,753,7.09
Cameroon,Yaounde,04-01-2022,3720,804,5.29,Ship,529,2.72
Cameroon,Yaounde,05-01-2022,3628,643,1.66,Air,909,2.4
Cameroon,Yaounde,06-01-2022,7100,317,4.4,Air,508,6.2
Cameroon,Yaounde,07-01-2022,7786,1028,4.8,Truck,95,6.59
Cameroon,Yaounde,08-01-2022,5568,544,7.03,Air,934,2.17
Cameroon,Yaounde,09-01-2022,4628,1048,8.4,Truck,929,1.94
Cameroon,Yaounde,10-01-2022,6088,333,1.8,Air,917,6.45
Cameroon,Yaounde,11-01-2022,7785,657,8.35,Air,751,2.42
Cameroon,Yaounde,12-01-2022,3257,405,1.31,Truck,868,8.38
Cameroon,Yaounde,01-01-2023,7029,713,4.77,Air,696,8.61
Cameroon,Yaounde,02-01-2023,9268,462,8.29,Truck,608,6.88
Cameroon,Yaounde,03-01-2023,3171,844,3.65,Rail,404,7.56
Cameroon,Yaounde,04-01-2023,4897,346,2.21,Air,872,6.58
Cameroon,Yaounde,05-01-2023,9725,234,3.93,Air,150,7.49
Cameroon,Yaounde,06-01-2023,5761,722,4.14,Truck,65,3.7
Cameroon,Yaounde,07-01-2023,8882,244,7.48,Air,409,8.47
Cameroon,Yaounde,08-01-2023,3823,878,8.02,Air,969,7.45
Cameroon,Yaounde,09-01-2023,5798,665,6.48,Truck,142,8.58
Cameroon,Yaounde,10-01-2023,6108,862,4.78,Air,360,8.49
Cameroon,Yaounde,11-01-2023,9267,319,1.61,Air,870,9.11
Cameroon,Yaounde,12-01-2023,9561,426,1.08,Ship,870,6.14
Cameroon,Yaounde,01-01-2024,8465,908,7.42,Rail,868,4.91
Cameroon,Yaounde,02-01-2024,3499,751,5.59,Truck,339,3.67
Cameroon,Yaounde,03-01-2024,9743,1164,5.61,Truck,680,4.87
Cameroon,Yaounde,04-01-2024,5141,1057,7.89,Rail,931,2.39
Cameroon,Yaounde,05-01-2024,3380,1101,8.95,Air,581,5
Cameroon,Yaounde,06-01-2024,3486,419,2.11,Truck,739,7.73
Cameroon,Yaounde,07-01-2024,9409,210,7.06,Rail,304,5.58
Cameroon,Yaounde,08-01-2024,8933,1075,8.11,Ship,100,4.49
Cameroon,Yaounde,09-01-2024,3367,740,9.81,Truck,540,9.27
Cameroon,Yaounde,10-01-2024,8844,1008,8.09,Truck,602,2.83
Cameroon,Yaounde,11-01-2024,7602,1166,7.8,Ship,865,8.77
Cameroon,Yaounde,12-01-2024,3119,414,2.03,Air,607,7.43
Cameroon,Yaounde,01-01-2025,3282,314,6.89,Truck,747,6.94
Cameroon,Yaounde,02-01-2025,4785,685,1.04,Air,664,1.87
Cameroon,Yaounde,03-01-2025,6196,789,3.12,Truck,69,0.06
Cameroon,Yaounde,04-01-2025,4273,557,8.82,Rail,261,1.1
Cameroon,Yaounde,05-01-2025,6023,1035,7.23,Truck,577,1.68
Cameroon,Yaounde,06-01-2025,7978,609,3.78,Air,926,2.53
Cameroon,Yaounde,07-01-2025,3186,699,2.22,Rail,576,0.67
Cameroon,Yaounde,08-01-2025,3985,571,2.72,Ship,747,0.43
Cameroon,Yaounde,09-01-2025,4358,1056,9.65,Air,129,2.99
Cameroon,Yaounde,10-01-2025,5841,575,6.92,Ship,813,8.89
Cameroon,Yaounde,11-01-2025,3261,1173,2.35,Rail,766,6.2
Cameroon,Yaounde,12-01-2025,3013,440,1.67,Rail,546,4.55
Cameroon,Douala,01-01-2020,6778,1042,3.38,Air,98,3.4
Cameroon,Douala,02-01-2020,9838,986,5.88,Ship,83,5.28
Cameroon,Douala,03-01-2020,4149,595,7.71,Ship,537,3.8
Cameroon,Douala,04-01-2020,5699,375,2.81,Rail,937,5.46
Cameroon,Douala,05-01-2020,5457,835,9.01,Air,654,1.75
Cameroon,Douala,06-01-2020,4076,553,2.36,Truck,519,2.61
Cameroon,Douala,07-01-2020,7623,938,7.12,Truck,419,4.8
Cameroon,Douala,08-01-2020,3423,334,2.99,Ship,303,4.11
Cameroon,Douala,09-01-2020,9346,650,1.52,Ship,291,9.84
Cameroon,Douala,10-01-2020,3627,1002,8.3,Ship,957,4.39
Cameroon,Douala,11-01-2020,5423,522,4.16,Ship,822,8.03
Cameroon,Douala,12-01-2020,6509,897,3.44,Air,864,8.77
Cameroon,Douala,01-01-2021,5610,1130,5.63,Rail,763,2.85
Cameroon,Douala,02-01-2021,8881,1054,4.23,Truck,551,1.41
Cameroon,Douala,03-01-2021,7510,372,7.93,Truck,370,0.28
Cameroon,Douala,04-01-2021,7429,973,7.47,Rail,854,4.54
Cameroon,Douala,05-01-2021,8960,417,2.69,Ship,654,4.58
Cameroon,Douala,06-01-2021,3103,1110,1.87,Truck,757,8.1
Cameroon,Douala,07-01-2021,3932,600,6.12,Rail,308,6.39
Cameroon,Douala,08-01-2021,8820,828,6.17,Rail,665,3.38
Cameroon,Douala,09-01-2021,8303,345,6.55,Air,250,8.07
Cameroon,Douala,10-01-2021,7249,269,7.87,Rail,248,7.88
Cameroon,Douala,11-01-2021,4838,286,1.77,Ship,523,3.79
Cameroon,Douala,12-01-2021,4382,563,3.22,Air,617,4.81
Cameroon,Douala,01-01-2022,7857,1106,4.76,Truck,667,7.26
Cameroon,Douala,02-01-2022,5960,261,6.15,Truck,909,2.64
Cameroon,Douala,03-01-2022,3818,988,3.2,Air,833,1.54
Cameroon,Douala,04-01-2022,9608,879,9.12,Air,331,7.41
Cameroon,Douala,05-01-2022,8488,985,7.76,Air,610,9.89
Cameroon,Douala,06-01-2022,3186,934,2.03,Ship,545,4.93
Cameroon,Douala,07-01-2022,9032,751,5.89,Rail,91,5.04
Cameroon,Douala,08-01-2022,3974,496,2.09,Rail,227,0.16
Cameroon,Douala,09-01-2022,9673,1032,9.49,Truck,125,2.53
Cameroon,Douala,10-01-2022,4615,489,9.25,Truck,996,0.55
Cameroon,Douala,11-01-2022,3694,475,1.51,Ship,657,5.18
Cameroon,Douala,12-01-2022,7286,1089,3.17,Truck,444,4.1
Cameroon,Douala,01-01-2023,7014,361,5.63,Truck,782,7.45
Cameroon,Douala,02-01-2023,4056,939,1.86,Air,588,1.08
Cameroon,Douala,03-01-2023,5713,409,2.22,Ship,948,2.15
Cameroon,Douala,04-01-2023,5976,881,1.47,Truck,944,1.7
Cameroon,Douala,05-01-2023,6398,353,6.67,Rail,481,7.47
Cameroon,Douala,06-01-2023,8471,1033,4.89,Air,962,5.38
Cameroon,Douala,07-01-2023,9192,754,5.17,Ship,382,6.69
Cameroon,Douala,08-01-2023,7940,969,4.39,Truck,902,9.63
Cameroon,Douala,09-01-2023,3432,359,7.21,Air,409,9.61
Cameroon,Douala,10-01-2023,5136,1122,4.68,Truck,234,5.33
Cameroon,Douala,11-01-2023,4200,815,1.08,Rail,277,3.71
Cameroon,Douala,12-01-2023,6387,965,4.76,Truck,989,3.18
Cameroon,Douala,01-01-2024,4322,289,9.52,Air,950,2.56
Cameroon,Douala,02-01-2024,7831,898,1.33,Rail,451,3.1
Cameroon,Douala,03-01-2024,6058,698,1.59,Ship,722,3.48
Cameroon,Douala,04-01-2024,9327,878,8.92,Truck,663,7.81
Cameroon,Douala,05-01-2024,9823,659,1.51,Air,254,0.68
Cameroon,Douala,06-01-2024,8931,753,5.69,Air,565,6.05
Cameroon,Douala,07-01-2024,4866,838,9.56,Rail,134,0.11
Cameroon,Douala,08-01-2024,7683,557,7.53,Truck,503,1.59
Cameroon,Douala,09-01-2024,3742,1088,1.54,Ship,60,9.54
Cameroon,Douala,10-01-2024,8481,614,2.15,Truck,879,9.48
Cameroon,Douala,11-01-2024,9382,968,8.38,Ship,597,3.9
Cameroon,Douala,12-01-2024,8971,578,9.66,Rail,481,6.02
Cameroon,Douala,01-01-2025,6243,918,2.03,Rail,365,6.23
Cameroon,Douala,02-01-2025,4135,433,5.58,Rail,295,1.82
Cameroon,Douala,03-01-2025,4741,309,7.14,Rail,74,3.52
Cameroon,Douala,04-01-2025,9075,303,9.01,Truck,301,1.77
Cameroon,Douala,05-01-2025,4030,752,8.78,Rail,578,0.6
Cameroon,Douala,06-01-2025,4998,829,4.13,Truck,721,3.16
Cameroon,Douala,07-01-2025,8120,1182,9.27,Truck,445,2.65
Cameroon,Douala,08-01-2025,5756,330,1.34,Truck,827,6.74
Cameroon,Douala,09-01-2025,5536,1079,8.17,Ship,293,9.1
Cameroon,Douala,10-01-2025,7867,320,6.09,Ship,482,7.12
Cameroon,Douala,11-01-2025,9929,496,4.94,Truck,663,2.87
Cameroon,Douala,12-01-2025,9103,674,5.82,Air,873,3.2
India,Mumbai,01-01-2020,6901,695,6.66,Truck,852,7.99
India,Mumbai,02-01-2020,5133,385,5.38,Ship,877,9.42
India,Mumbai,03-01-2020,5976,306,7.36,Ship,248,7.16
India,Mumbai,04-01-2020,8357,957,3.28,Truck,946,0.75
India,Mumbai,05-01-2020,6784,791,5.29,Truck,637,7.09
India,Mumbai,06-01-2020,3121,514,4.33,Air,489,4.38
India,Mumbai,07-01-2020,8126,469,6.42,Truck,859,4.77
India,Mumbai,08-01-2020,4012,820,7.74,Rail,126,1.4
India,Mumbai,09-01-2020,7938,601,9.23,Air,767,2.06
India,Mumbai,10-01-2020,3292,928,3.46,Air,145,9.96
India,Mumbai,11-01-2020,4122,547,7.98,Ship,364,8.42
India,Mumbai,12-01-2020,8066,843,5.56,Truck,142,9.69
India,Mumbai,01-01-2021,8350,882,5.85,Truck,483,1.41
India,Mumbai,02-01-2021,9462,1124,8.03,Rail,947,9.34
India,Mumbai,03-01-2021,8903,1174,4.45,Rail,292,8.89
India,Mumbai,04-01-2021,8667,958,2.29,Truck,222,9.04
India,Mumbai,05-01-2021,5714,836,5.9,Ship,547,8.98
India,Mumbai,06-01-2021,6490,327,8.89,Truck,476,5.82
India,Mumbai,07-01-2021,5652,214,8.32,Air,255,1.35
India,Mumbai,08-01-2021,8502,253,7.25,Air,719,2.53
India,Mumbai,09-01-2021,3419,418,2.77,Air,229,6.11
India,Mumbai,10-01-2021,7852,523,3.94,Air,591,3.79
India,Mumbai,11-01-2021,7547,852,4.6,Ship,758,0.58
India,Mumbai,12-01-2021,7058,440,7.95,Air,273,5.04
India,Mumbai,01-01-2022,8735,1124,4.56,Rail,371,5.44
India,Mumbai,02-01-2022,5370,434,7.35,Truck,602,9.46
India,Mumbai,03-01-2022,5115,307,7.3,Truck,940,4.2
India,Mumbai,04-01-2022,4192,1129,7.72,Ship,203,2.15
India,Mumbai,05-01-2022,8404,412,4.72,Air,266,9.81
India,Mumbai,06-01-2022,5755,704,6.37,Air,689,9.19
India,Mumbai,07-01-2022,5661,671,2.58,Ship,783,9.29
India,Mumbai,08-01-2022,9072,590,6.97,Truck,371,3.95
India,Mumbai,09-01-2022,5274,1118,2.06,Rail,238,9.48
India,Mumbai,10-01-2022,6502,449,6.13,Truck,347,4.1
India,Mumbai,11-01-2022,3226,724,2.55,Rail,851,9.34
India,Mumbai,12-01-2022,3266,795,6.87,Air,697,2.27
India,Mumbai,01-01-2023,8723,858,8.45,Rail,938,1.24
India,Mumbai,02-01-2023,7591,902,2.32,Truck,841,4.72
India,Mumbai,03-01-2023,4602,922,5.29,Ship,492,6.63
India,Mumbai,04-01-2023,3632,1069,3.09,Truck,628,3.95
India,Mumbai,05-01-2023,7063,633,4.3,Air,965,8.18
India,Mumbai,06-01-2023,6197,485,4.83,Rail,986,1.82
India,Mumbai,07-01-2023,3075,1094,7.84,Air,448,8
India,Mumbai,08-01-2023,8491,487,6.29,Truck,841,8.07
India,Mumbai,09-01-2023,8858,1105,7.55,Air,156,9.79
India,Mumbai,10-01-2023,5361,546,1.71,Truck,631,2.26
India,Mumbai,11-01-2023,6267,1175,6.83,Truck,426,8.08
India,Mumbai,12-01-2023,6465,713,9.91,Air,61,4.05
India,Mumbai,01-01-2024,3716,1004,9.5,Rail,302,2.57
India,Mumbai,02-01-2024,3091,1060,8.19,Truck,418,9.07
India,Mumbai,03-01-2024,6752,1136,2.25,Ship,887,7.79
India,Mumbai,04-01-2024,7086,1135,4.48,Rail,216,9.87
India,Mumbai,05-01-2024,3122,730,6.41,Ship,953,6.58
India,Mumbai,06-01-2024,4607,925,3.03,Truck,518,7.21
India,Mumbai,07-01-2024,3594,506,7.76,Rail,939,0.23
India,Mumbai,08-01-2024,9087,1037,1.37,Truck,307,1.85
India,Mumbai,09-01-2024,5094,1002,7.77,Truck,95,4.71
India,Mumbai,10-01-2024,6368,1146,7.36,Ship,935,0.2
India,Mumbai,11-01-2024,3656,563,3.76,Rail,270,0.85
India,Mumbai,12-01-2024,9169,891,1.91,Air,948,4.85
India,Mumbai,01-01-2025,8253,400,1.41,Ship,168,0.31
India,Mumbai,02-01-2025,5556,341,5.27,Rail,657,0.44
India,Mumbai,03-01-2025,5318,661,1.82,Rail,875,6.32
India,Mumbai,04-01-2025,8185,727,8.73,Truck,431,6.81
India,Mumbai,05-01-2025,8932,905,3.07,Rail,480,5.88
India,Mumbai,06-01-2025,7966,622,2.87,Ship,244,7.78
India,Mumbai,07-01-2025,4174,211,2.7,Ship,260,2.09
India,Mumbai,08-01-2025,9803,1102,8.22,Truck,464,7.88
India,Mumbai,09-01-2025,4947,1090,5.02,Air,357,0.45
India,Mumbai,10-01-2025,7102,1012,9.49,Truck,472,7.37
India,Mumbai,11-01-2025,3942,1032,2.39,Truck,955,4.84
India,Mumbai,12-01-2025,8067,888,4.15,Ship,418,1.31
India,Delhi,01-01-2020,3662,385,4.25,Air,580,0.35
India,Delhi,02-01-2020,9591,301,9.15,Truck,368,5.96
India,Delhi,03-01-2020,7390,1073,4.24,Rail,331,1.66
India,Delhi,04-01-2020,8669,924,3.59,Rail,416,4.96
India,Delhi,05-01-2020,7414,1198,7.25,Truck,933,3.28
India,Delhi,06-01-2020,7497,910,8.25,Rail,319,6.24
India,Delhi,07-01-2020,6202,1090,8.58,Ship,779,2.92
India,Delhi,08-01-2020,4896,780,9.65,Ship,997,4.02
India,Delhi,09-01-2020,4111,384,4.24,Ship,877,9.03
India,Delhi,10-01-2020,9182,317,5.83,Ship,435,3.15
India,Delhi,11-01-2020,4944,958,3.45,Rail,527,7.58
India,Delhi,12-01-2020,6671,1009,2.36,Air,982,1.03
India,Delhi,01-01-2021,5923,1186,8.79,Rail,374,3.74
India,Delhi,02-01-2021,9914,975,3.1,Truck,462,9.51
India,Delhi,03-01-2021,5095,618,4.19,Ship,694,7.45
India,Delhi,04-01-2021,5873,861,2.61,Truck,768,2.52
India,Delhi,05-01-2021,6089,307,5.29,Rail,324,7.61
India,Delhi,06-01-2021,6289,815,3.16,Rail,93,0.91
India,Delhi,07-01-2021,8523,803,5.52,Ship,630,7.36
India,Delhi,08-01-2021,5940,682,8.52,Truck,534,1.61
India,Delhi,09-01-2021,8880,225,5.67,Truck,72,2.17
India,Delhi,10-01-2021,6783,1066,1.26,Air,467,4.16
India,Delhi,11-01-2021,9830,1017,6.79,Ship,778,2.42
India,Delhi,12-01-2021,6398,903,2.17,Truck,633,6.54
India,Delhi,01-01-2022,6407,746,1.65,Truck,259,9.91
India,Delhi,02-01-2022,6218,232,7.89,Truck,555,4.92
India,Delhi,03-01-2022,9667,467,9.82,Air,240,9.14
India,Delhi,04-01-2022,7564,363,9.37,Rail,480,8.31
India,Delhi,05-01-2022,3837,840,7.52,Truck,540,9.31
India,Delhi,06-01-2022,7942,862,9.09,Rail,323,4.39
India,Delhi,07-01-2022,9113,1061,2.24,Rail,451,7.05
India,Delhi,08-01-2022,4197,517,4.02,Truck,985,9.45
India,Delhi,09-01-2022,5860,834,8.63,Air,938,2.36
India,Delhi,10-01-2022,6982,866,9.47,Truck,497,5.2
India,Delhi,11-01-2022,8160,702,6.3,Truck,528,4.44
India,Delhi,12-01-2022,9443,356,4.8,Rail,560,6.76
India,Delhi,01-01-2023,7878,600,2.12,Air,642,9.86
India,Delhi,02-01-2023,5696,493,6.6,Truck,731,5.14
India,Delhi,03-01-2023,7217,571,9.52,Rail,300,2.47
India,Delhi,04-01-2023,5246,479,1.71,Truck,404,0.91
India,Delhi,05-01-2023,3269,1124,5.37,Truck,610,3.36
India,Delhi,06-01-2023,7370,877,6.79,Truck,633,1.95
India,Delhi,07-01-2023,8918,306,1.43,Truck,467,5.17
India,Delhi,08-01-2023,5939,715,2.36,Air,754,1.74
India,Delhi,09-01-2023,3319,709,9.55,Rail,260,4.24
India,Delhi,10-01-2023,9538,1166,1.87,Air,210,3.1
India,Delhi,11-01-2023,5210,482,3.55,Air,650,3.38
India,Delhi,12-01-2023,5556,787,9.42,Truck,810,1.81
India,Delhi,01-01-2024,8332,990,4.85,Truck,201,4.62
India,Delhi,02-01-2024,8752,1015,9.12,Ship,473,7.42
India,Delhi,03-01-2024,9743,909,1.22,Ship,877,4.83
India,Delhi,04-01-2024,9802,387,7.71,Rail,156,5.93
India,Delhi,05-01-2024,4778,309,8.63,Ship,694,2.45
India,Delhi,06-01-2024,7863,743,7.49,Rail,460,1.91
India,Delhi,07-01-2024,9558,241,9.84,Truck,738,9.04
India,Delhi,08-01-2024,8290,739,5.07,Rail,283,1.82
India,Delhi,09-01-2024,6275,833,4.72,Truck,967,8.88
India,Delhi,10-01-2024,6280,1176,7.3,Rail,730,7.83
India,Delhi,11-01-2024,7120,606,4.27,Air,385,6.84
India,Delhi,12-01-2024,6877,974,2.22,Rail,311,1.73
India,Delhi,01-01-2025,4534,930,1.12,Ship,236,9.69
India,Delhi,02-01-2025,5443,703,1.33,Rail,942,5.99
India,Delhi,03-01-2025,3750,748,1.6,Air,884,4.69
India,Delhi,04-01-2025,7794,352,3.94,Air,723,2.94
India,Delhi,05-01-2025,5669,1066,6.94,Air,970,9.28
India,Delhi,06-01-2025,9638,979,6.25,Air,272,2.35
India,Delhi,07-01-2025,3816,537,3.72,Truck,206,0.41
India,Delhi,08-01-2025,6077,451,7.35,Truck,779,9.08
India,Delhi,09-01-2025,6257,308,8.78,Truck,433,9.49
India,Delhi,10-01-2025,5019,851,1.89,Rail,350,0.43
India,Delhi,11-01-2025,6823,1083,8.63,Air,563,9.02
India,Delhi,12-01-2025,6703,416,4.04,Rail,610,9.13
